{"cameraMode":{"drawMode":0,"name":"Shaded","section":"Shading Mode"},"sceneLighting":false,"audioPlay":false,"sceneViewState":{"showFog":true,"showMaterialUpdate":false,"showSkybox":false,"showFlares":true,"showImageEffects":true,"showParticleSystems":true},"in2DMode":false,"pivot":{"x":-1.0896944999694825,"y":0.7511380314826965,"z":-0.06248891353607178},"rotation":{"x":-0.04730026796460152,"y":0.8458662629127502,"z":-0.07608630508184433,"w":-0.525846540927887},"size":4.064435958862305,"orthographic":false}