{"cameraMode":{"drawMode":0,"name":"Shaded","section":"Shading Mode"},"sceneLighting":true,"audioPlay":false,"sceneViewState":{"showFog":true,"showMaterialUpdate":false,"showSkybox":true,"showFlares":true,"showImageEffects":true,"showParticleSystems":true},"in2DMode":false,"pivot":{"x":1.4808388948440552,"y":0.21597972512245179,"z":6.8087544441223148},"rotation":{"x":-0.14411278069019319,"y":0.5906530022621155,"z":-0.1082189604640007,"w":-0.7865594029426575},"size":10.470285415649414,"orthographic":false}