{"cameraMode":{"drawMode":0,"name":"Shaded","section":"Shading Mode"},"sceneLighting":true,"audioPlay":false,"sceneViewState":{"showFog":true,"showMaterialUpdate":false,"showSkybox":true,"showFlares":true,"showImageEffects":true,"showParticleSystems":true},"in2DMode":false,"pivot":{"x":-9.379638671875,"y":12.979272842407227,"z":-0.24636724591255189},"rotation":{"x":0.4218633770942688,"y":0.4029662013053894,"z":-0.2172190248966217,"w":0.7826035022735596},"size":66.44185638427735,"orthographic":false}