{"cameraMode":{"drawMode":0,"name":"Shaded","section":"Shading Mode"},"sceneLighting":true,"audioPlay":false,"sceneViewState":{"showFog":true,"showMaterialUpdate":false,"showSkybox":true,"showFlares":true,"showImageEffects":true,"showParticleSystems":true},"in2DMode":false,"pivot":{"x":2.5127289295196535,"y":-5.884563446044922,"z":1.2405166625976563},"rotation":{"x":-0.000635183765552938,"y":0.848152220249176,"z":-0.5297538042068481,"w":-0.0010170206660404802},"size":65.13676452636719,"orthographic":false}